MechanismID,Improvement,StoryOpportunity
TTSS-001,"Move world exposition later; open with task failure and ordinary Dublin logistics.","A future ex-operator episode can start in ordinary civilian employment."
PHM-002,"Each failed test reveals one property; third test threatens Smith because anomaly is now logged.","Case engine for any 'impossible status' subject."
SF-003,"Action → expected rule → failed result → revised interpretation.","Every law should enter through use."
TTSS-003,"Cut some résumé-like claims; let readers infer competence before dark-magician backstory.","Operator series gains institutional realism."
PHM-004,"He solves an ordinary access problem flawlessly, then fails only on Enya.","Contrast makes anomaly stronger."
DVC-002,"Every answer points to next person/place/object and changes question.","Turns testimony into investigation."
DVC-003,"Characters can hide/lose/verify it; it creates action.","Reusable franchise artifacts."
REC-007,"Smith once believed that doctrine for practical reasons, not because he was stupid.","Creates smart institutional antagonist."
TTSS-009,"A successful department has reputational cost if new architecture invalidates its methods.","Long-term Fifth-Race institutional resistance."
RR-001,"Status appears as lived logistics.","Every hierarchy episode becomes legible to new listeners."
RR-005,"Reader learns social grammar by scenes.","Audio-friendly status cues."
DM-005,"His choice about Enya must cost a concrete person/relationship, not only rank.","Human anchor for metaphysical scale."
REC-006,"Both can surprise and injure each other unintentionally.","Enya POV episode becomes necessary, not decorative."
DM-009,"No new plane unless it changes the decision.","Strong 'Переходы' line."
PHM-006,"Trust grows from work, translation and risk.","Better emotional credibility."
SF-004,"Limits create choices without making him incompetent.","Repeatable tension engine."
SF-013,"Solutions can create exposure.","Keeps operations causal."
PHM-010,"Revelation changes success condition.","Season-level turn."
REC-015,"Climax attacks generator, not each downstream effect.","Strong case for 'engineered fall'."
TTSS-005,"Jurisdiction itself becomes conflict.","'Who watches the watchers' arc."
TTSS-006,"Evidence changes because witness lived a plot, not delivered lore.","Archive/testimony series format."
DVC-014,"Every 8–15 min listener gets a hard reclassification or new task.","Supports 50–90 min audio packaging."
PHM-008,"Institution becomes believable through resource/control behavior.","Operational 'Дела Матрицы' realism."
TTSS-010,"Each scene adds/removes one edge in the map.","Supports MAP OF POWER AND BEINGS."
RR-010,"Win by proving meta-rule, not by overpowering boss.","Excellent 'two valid orders conflict' plot."
RR-007,"Hero must distinguish system function from corrupted application.","Prevents flat conspiracy fiction."
REC-009,"Decision distributes risk across people.","Court/review thriller."
DM-014,"Operator cannot decide another’s identity for them.","More humane endings."
DVC-008,"Movement itself teaches hierarchy.","Visual/audio scene geography."
SF-009,"Role appears because case needs it.","Franchise supports many protagonists."
PHM-014,"Every solution consumes something relevant.","Raises suspense without gunfights."
DM-013,"A person can lose one coordinate without ceasing to be themselves.","Core philosophical engine."
REC-014,"Same scene gains new meaning without contradicting first account.","Two-POV episode payoff."
SF-015,"Make unauthorized success create legal/ontological consequence.","Recurring 'Право силы' series."
DVC-015,"Fiction may transform mechanisms but never silently cite invented lore as source.","Allows large mixed reference library safely."
